{
  "project_info": {
    "project_number": "92070918467",
    "project_id": "fir-2825d",
    "storage_bucket": "fir-2825d.appspot.com"
  },
  "client": [
    {
      "client_info": {
        "mobilesdk_app_id": "1:92070918467:android:dbbc66b473eeba5b2397f6",
        "android_client_info": {
          "package_name": "com.example.firebase"
        }
      },
      "oauth_client": [
        {
          "client_id": "92070918467-lmfplmi1i99r3pj4oatsjs5110gkd8fa.apps.googleusercontent.com",
          "client_type": 3
        }
      ],
      "api_key": [
        {
          "current_key": "AIzaSyBNTwqFcshAxLzEKLWjCeQv4mE5lBsl3nw"
        }
      ],
      "services": {
        "appinvite_service": {
          "other_platform_oauth_client": [
            {
              "client_id": "92070918467-lmfplmi1i99r3pj4oatsjs5110gkd8fa.apps.googleusercontent.com",
              "client_type": 3
            }
          ]
        }
      }
    }
  ],
  "configuration_version": "1"
}